control,SNPs,control_group
duplicate1,0,duplicate
duplicate2,1,duplicate
duplicate3,2,duplicate
duplicate4,0,duplicate
duplicate5,1,duplicate
duplicate6,1,duplicate
duplicate7,0,duplicate
duplicate8,2,duplicate
duplicate9,0,duplicate
duplicate10,0,duplicate
duplicate11,7,duplicate
duplicate12,0,duplicate
duplicate13,0,duplicate
duplicate14,0,duplicate
duplicate15,1,duplicate
strain2_pairwise1,2,duplicate
strain2_pairwise2,2,duplicate
strain2_pairwise3,3,duplicate
strain2_pairwise4,1,duplicate
strain2_pairwise5,8,duplicate
strain2_pairwise6,0,duplicate
strain2_pairwise7,0,duplicate
strain2_pairwise8,1,duplicate
strain2_pairwise9,7,duplicate
strain2_pairwise10,6,duplicate
strain2_pairwise11,6,duplicate
strain2_pairwise12,13,duplicate
strain2_pairwise13,4,duplicate
strain2_pairwise14,4,duplicate
strain2_pairwise15,3,duplicate
strain2_pairwise16,6,duplicate
strain2_pairwise17,6,duplicate
strain2_pairwise18,12,duplicate
strain2_pairwise19,4,duplicate
strain2_pairwise20,3,duplicate
strain2_pairwise21,3,duplicate
strain2_pairwise22,4,duplicate
strain2_pairwise23,11,duplicate
strain2_pairwise24,3,duplicate
strain2_pairwise25,3,duplicate
strain2_pairwise26,4,duplicate
strain2_pairwise27,11,duplicate
strain2_pairwise28,3,duplicate
strain2_pairwise29,2,duplicate
strain2_pairwise30,3,duplicate
strain2_pairwise31,9,duplicate
strain2_pairwise32,9,duplicate
strain2_pairwise33,9,duplicate
strain2_pairwise34,0,duplicate
strain2_pairwise35,1,duplicate
strain2_pairwise36,1,duplicate
strain1_pairwise1,5,duplicate
strain1_pairwise2,4,duplicate
strain1_pairwise3,2,duplicate
strain1_pairwise4,4,duplicate
strain1_pairwise5,3,duplicate
strain1_pairwise6,5,duplicate
strain1_pairwise7,3,duplicate
strain1_pairwise8,4,duplicate
strain1_pairwise9,2,duplicate
strain1_pairwise10,3,duplicate
strain1_pairwise11,3,duplicate
strain1_pairwise12,3,duplicate
strain1_pairwise13,3,duplicate
strain1_pairwise14,3,duplicate
strain1_pairwise15,2,duplicate
strain1_pairwise16,4,duplicate
strain1_pairwise17,4,duplicate
strain1_pairwise18,1,duplicate
strain1_pairwise19,2,duplicate
strain1_pairwise20,2,duplicate
strain1_pairwise21,3,duplicate
strain1_pairwise22,1,duplicate
strain1_pairwise23,2,duplicate
strain1_pairwise24,3,duplicate
strain1_pairwise25,0,duplicate
strain1_pairwise26,0,duplicate
strain1_pairwise27,0,duplicate
strain1_pairwise28,0,duplicate
strain1_pairwise29,0,duplicate
strain1_pairwise30,0,duplicate
strain1_pairwise31,0,duplicate
strain1_pairwise32,1,duplicate
strain1_pairwise33,1,duplicate
strain1_pairwise34,1,duplicate
strain1_pairwise35,1,duplicate
strain1_pairwise36,1,duplicate
strain1_pairwise37,0,duplicate
strain1_pairwise38,0,duplicate
strain1_pairwise39,1,duplicate
strain1_pairwise40,0,duplicate
strain1_pairwise41,2,duplicate
strain1_pairwise42,2,duplicate
strain1_pairwise43,2,duplicate
strain1_pairwise44,0,duplicate
strain1_pairwise45,1,duplicate
strain1_resequenced1,14,resequenced_strain1
strain1_resequenced2,10,resequenced_strain1
strain1_resequenced3,8,resequenced_strain1
strain1_resequenced4,8,resequenced_strain1
strain1_resequenced5,7,resequenced_strain1
strain1_resequenced6,6,resequenced_strain1
strain1_resequenced7,8,resequenced_strain1
strain1_resequenced8,6,resequenced_strain1
strain1_resequenced9,7,resequenced_strain1
strain1_resequenced10,7,resequenced_strain1
strain2_resequenced1,2,resequenced_strain2
strain2_resequenced2,6,resequenced_strain2
strain2_resequenced3,5,resequenced_strain2
strain2_resequenced4,10,resequenced_strain2
strain2_resequenced5,4,resequenced_strain2
strain2_resequenced6,13,resequenced_strain2
strain2_resequenced7,1,resequenced_strain2
strain2_resequenced8,1,resequenced_strain2
strain2_resequenced9,2,resequenced_strain2